{
  "hash": "f245b25a",
  "configHash": "39b29009",
  "lockfileHash": "559c52a4",
  "browserHash": "326c9d86",
  "optimized": {
    "@angular/common/http": {
      "src": "../../../../../../node_modules/@angular/common/fesm2022/http.mjs",
      "file": "@angular_common_http.js",
      "fileHash": "e022c7cb",
      "needsInterop": false
    },
    "@angular/core": {
      "src": "../../../../../../node_modules/@angular/core/fesm2022/core.mjs",
      "file": "@angular_core.js",
      "fileHash": "aac2400d",
      "needsInterop": false
    },
    "@angular/platform-browser": {
      "src": "../../../../../../node_modules/@angular/platform-browser/fesm2022/platform-browser.mjs",
      "file": "@angular_platform-browser.js",
      "fileHash": "fea67460",
      "needsInterop": false
    },
    "@angular/router": {
      "src": "../../../../../../node_modules/@angular/router/fesm2022/router.mjs",
      "file": "@angular_router.js",
      "fileHash": "9214eb99",
      "needsInterop": false
    },
    "zone.js": {
      "src": "../../../../../../node_modules/zone.js/fesm2015/zone.js",
      "file": "zone__js.js",
      "fileHash": "bc7a4764",
      "needsInterop": true
    },
    "@angular/forms": {
      "src": "../../../../../../node_modules/@angular/forms/fesm2022/forms.mjs",
      "file": "@angular_forms.js",
      "fileHash": "efcfa617",
      "needsInterop": false
    },
    "@angular/common": {
      "src": "../../../../../../node_modules/@angular/common/fesm2022/common.mjs",
      "file": "@angular_common.js",
      "fileHash": "b9527883",
      "needsInterop": false
    }
  },
  "chunks": {
    "chunk-OVTJ6FEV": {
      "file": "chunk-OVTJ6FEV.js"
    },
    "chunk-7AFFYASK": {
      "file": "chunk-7AFFYASK.js"
    },
    "chunk-2LGJ44LQ": {
      "file": "chunk-2LGJ44LQ.js"
    },
    "chunk-ZMLREZMJ": {
      "file": "chunk-ZMLREZMJ.js"
    },
    "chunk-DQIUKFFJ": {
      "file": "chunk-DQIUKFFJ.js"
    },
    "chunk-WDMUDEB6": {
      "file": "chunk-WDMUDEB6.js"
    }
  }
}